-- MySQL dump 10.13  Distrib 8.0.45, for Win64 (x86_64)
--
-- Host: 127.0.0.1    Database: library_db
-- ------------------------------------------------------
-- Server version	8.0.45

/*!40101 SET @OLD_CHARACTER_SET_CLIENT=@@CHARACTER_SET_CLIENT */;
/*!40101 SET @OLD_CHARACTER_SET_RESULTS=@@CHARACTER_SET_RESULTS */;
/*!40101 SET @OLD_COLLATION_CONNECTION=@@COLLATION_CONNECTION */;
/*!50503 SET NAMES utf8 */;
/*!40103 SET @OLD_TIME_ZONE=@@TIME_ZONE */;
/*!40103 SET TIME_ZONE='+00:00' */;
/*!40014 SET @OLD_UNIQUE_CHECKS=@@UNIQUE_CHECKS, UNIQUE_CHECKS=0 */;
/*!40014 SET @OLD_FOREIGN_KEY_CHECKS=@@FOREIGN_KEY_CHECKS, FOREIGN_KEY_CHECKS=0 */;
/*!40101 SET @OLD_SQL_MODE=@@SQL_MODE, SQL_MODE='NO_AUTO_VALUE_ON_ZERO' */;
/*!40111 SET @OLD_SQL_NOTES=@@SQL_NOTES, SQL_NOTES=0 */;

--
-- Table structure for table `books`
--

DROP TABLE IF EXISTS `books`;
/*!40101 SET @saved_cs_client     = @@character_set_client */;
/*!50503 SET character_set_client = utf8mb4 */;
CREATE TABLE `books` (
  `books_id` int NOT NULL,
  `title` varchar(100) DEFAULT NULL,
  `author` varchar(100) DEFAULT NULL,
  PRIMARY KEY (`books_id`)
) ENGINE=InnoDB DEFAULT CHARSET=utf8mb4 COLLATE=utf8mb4_0900_ai_ci;
/*!40101 SET character_set_client = @saved_cs_client */;

--
-- Dumping data for table `books`
--

LOCK TABLES `books` WRITE;
/*!40000 ALTER TABLE `books` DISABLE KEYS */;
INSERT INTO `books` VALUES (1,'Introduction to sql','Michael Brown'),(2,'Advanced sql queries','Sarah Johnson'),(3,'Web development basics','David Miller'),(4,'Python For Data Analysis','Emily Davies'),(5,'Database Design Principles','James Wilson'),(6,'Cyber Security Esseentials','Chris Evans'),(7,'Machine Learning Basics','Andrew Ng');
/*!40000 ALTER TABLE `books` ENABLE KEYS */;
UNLOCK TABLES;

--
-- Table structure for table `borrow`
--

DROP TABLE IF EXISTS `borrow`;
/*!40101 SET @saved_cs_client     = @@character_set_client */;
/*!50503 SET character_set_client = utf8mb4 */;
CREATE TABLE `borrow` (
  `borrow_id` int NOT NULL,
  `members_id` int DEFAULT NULL,
  `books_id` int DEFAULT NULL,
  `borrow_date` date DEFAULT NULL,
  PRIMARY KEY (`borrow_id`),
  KEY `members_id` (`members_id`),
  KEY `books_id` (`books_id`),
  CONSTRAINT `borrow_ibfk_1` FOREIGN KEY (`members_id`) REFERENCES `members` (`members_id`),
  CONSTRAINT `borrow_ibfk_2` FOREIGN KEY (`books_id`) REFERENCES `books` (`books_id`)
) ENGINE=InnoDB DEFAULT CHARSET=utf8mb4 COLLATE=utf8mb4_0900_ai_ci;
/*!40101 SET character_set_client = @saved_cs_client */;

--
-- Dumping data for table `borrow`
--

LOCK TABLES `borrow` WRITE;
/*!40000 ALTER TABLE `borrow` DISABLE KEYS */;
INSERT INTO `borrow` VALUES (1,1,1,'2026-04-01'),(2,2,2,'2026-04-02'),(3,1,3,'2026-04-03'),(4,3,4,'2026-04-04'),(5,4,5,'2026-04-05'),(6,5,6,'2026-04-06'),(7,2,7,'2026-04-07'),(8,3,1,'2026-04-08');
/*!40000 ALTER TABLE `borrow` ENABLE KEYS */;
UNLOCK TABLES;

--
-- Table structure for table `members`
--

DROP TABLE IF EXISTS `members`;
/*!40101 SET @saved_cs_client     = @@character_set_client */;
/*!50503 SET character_set_client = utf8mb4 */;
CREATE TABLE `members` (
  `members_id` int NOT NULL,
  `name` varchar(100) DEFAULT NULL,
  PRIMARY KEY (`members_id`)
) ENGINE=InnoDB DEFAULT CHARSET=utf8mb4 COLLATE=utf8mb4_0900_ai_ci;
/*!40101 SET character_set_client = @saved_cs_client */;

--
-- Dumping data for table `members`
--

LOCK TABLES `members` WRITE;
/*!40000 ALTER TABLE `members` DISABLE KEYS */;
INSERT INTO `members` VALUES (1,'Godstime'),(2,'Precious'),(3,'Wunmi'),(4,'Dele'),(5,'Korede');
/*!40000 ALTER TABLE `members` ENABLE KEYS */;
UNLOCK TABLES;
/*!40103 SET TIME_ZONE=@OLD_TIME_ZONE */;

/*!40101 SET SQL_MODE=@OLD_SQL_MODE */;
/*!40014 SET FOREIGN_KEY_CHECKS=@OLD_FOREIGN_KEY_CHECKS */;
/*!40014 SET UNIQUE_CHECKS=@OLD_UNIQUE_CHECKS */;
/*!40101 SET CHARACTER_SET_CLIENT=@OLD_CHARACTER_SET_CLIENT */;
/*!40101 SET CHARACTER_SET_RESULTS=@OLD_CHARACTER_SET_RESULTS */;
/*!40101 SET COLLATION_CONNECTION=@OLD_COLLATION_CONNECTION */;
/*!40111 SET SQL_NOTES=@OLD_SQL_NOTES */;

-- Dump completed on 2026-04-13 13:04:19
